datetime,Open,Low,High,Close,Volume,VWAP
2020-04-15 09:15:00,929.9500122070312,897.25,929.9500122070312,898.0,4906551,908.4000040690104
2020-04-15 09:30:00,898.0499877929688,895.0,899.0,896.75,1736456,905.3983046680728
2020-04-15 09:45:00,897.0,895.3499755859375,898.75,897.7999877929688,3274274,902.724577021562
2020-04-15 10:00:00,897.7999877929688,897.5,900.0,899.9000244140625,3040300,901.8819480275162
2020-04-15 10:15:00,899.9000244140625,895.5,900.0,897.3499755859375,2019382,901.3068481999472
2020-04-15 10:30:00,897.4000244140625,895.5,898.75,898.75,1108056,901.0560853634818
2020-04-15 10:45:00,898.75,897.0,901.0,899.3499755859375,2267194,900.8164926297129
2020-04-15 11:00:00,899.3499755859375,895.9000244140625,899.4500122070312,898.0999755859375,1428366,900.5998739149878
2020-04-15 11:15:00,898.4500122070312,896.5499877929688,902.4000244140625,897.5499877929688,2276390,900.4175580530635
2020-04-15 11:30:00,897.6500244140625,896.25,899.9500122070312,896.6500244140625,884798,900.3095361951071
2020-04-15 11:45:00,896.6500244140625,891.0,896.9500122070312,894.7000122070312,1651288,899.9004341579806
2020-04-15 12:00:00,894.75,892.2999877929688,896.9500122070312,896.25,880526,899.7368055988841
2020-04-15 12:15:00,896.5,894.0499877929688,897.75,894.8499755859375,748010,899.6173703751784
2020-04-15 12:30:00,894.7999877929688,893.5999755859375,895.9500122070312,895.6500244140625,695322,899.4998159745405
2020-04-15 12:45:00,895.5999755859375,885.0999755859375,895.5999755859375,890.4000244140625,1976314,898.8751025451778
2020-04-15 13:00:00,890.4000244140625,886.5999755859375,892.7999877929688,891.1500244140625,2345468,898.2225056267246
2020-04-15 13:15:00,891.0499877929688,878.2000122070312,891.0499877929688,881.7000122070312,2055312,897.3229131769004
2020-04-15 13:30:00,881.4500122070312,874.1500244140625,882.2999877929688,874.6500244140625,1879724,896.2386157153654
2020-04-15 13:45:00,874.0,865.25,874.0,865.7000122070312,2472926,894.4044846340628
2020-04-15 14:00:00,866.0999755859375,851.5499877929688,866.7000122070312,853.2000122070312,3138470,891.5377025931732
2020-04-15 14:15:00,852.6500244140625,843.0,853.7000122070312,852.4500122070312,3337288,888.3744846644587
2020-04-15 14:30:00,852.0,849.4500122070312,859.4000244140625,859.2000122070312,2530280,886.6195099831351
2020-04-15 14:45:00,859.4500122070312,854.0,859.4500122070312,858.5,1761578,885.5533112413743
2020-04-15 15:00:00,858.2999877929688,857.5,864.7999877929688,864.4000244140625,2651872,884.3423017621105
2020-04-15 15:15:00,864.4000244140625,862.9000244140625,867.9000244140625,865.3499755859375,2288228,883.5292020788252
2020-04-16 09:15:00,865.1500244140625,856.7999877929688,876.4000244140625,859.25,4043108,882.164121431696
2020-04-16 09:30:00,859.0,856.5999755859375,870.0,865.3499755859375,3057288,881.244690988678
2020-04-16 09:45:00,865.5999755859375,861.5,868.9000244140625,862.2999877929688,1787658,880.7561097460244
2020-04-16 10:00:00,862.5,859.0,863.7000122070312,862.0499877929688,1419500,880.3286053112652
2020-04-16 10:15:00,861.9500122070312,860.0,864.0,862.25,1544604,879.8964136328243
2020-04-16 10:30:00,862.1500244140625,860.4000244140625,866.4000244140625,860.9000244140625,1399346,879.5323274736647
2020-04-16 10:45:00,860.8499755859375,858.0,865.0999755859375,863.4000244140625,1565842,879.1334541366238
2020-04-16 11:00:00,863.2999877929688,861.5,869.2999877929688,866.6500244140625,1446800,878.8567070512039
2020-04-16 11:15:00,866.4500122070312,865.5999755859375,874.5999755859375,873.7999877929688,2525314,878.5933590758528
2020-04-16 11:30:00,873.5,867.4000244140625,875.0999755859375,869.7000122070312,2564764,878.3235226522423
2020-04-16 11:45:00,869.2000122070312,863.4500122070312,869.4000244140625,868.5,1307390,878.1307774671061
2020-04-16 12:00:00,868.0999755859375,866.2999877929688,872.0,871.5999755859375,1887702,877.932950746353
2020-04-16 12:15:00,871.5,870.0999755859375,875.0,873.0,1800084,877.8147660581524
2020-04-16 12:30:00,873.0,869.75,874.8499755859375,870.5,1698098,877.6872077390939
2020-04-16 12:45:00,869.2000122070312,865.0,873.3499755859375,872.5499877929688,3256112,877.4030807771602
2020-04-16 13:00:00,872.6500244140625,872.4000244140625,881.7000122070312,880.0,3395302,877.427383552588
2020-04-16 13:15:00,880.1500244140625,876.0999755859375,881.5999755859375,878.4000244140625,1488746,877.4485422253254
2020-04-16 13:30:00,878.5,876.0,881.9000244140625,876.5499877929688,1619182,877.4610014100335
2020-04-16 13:45:00,876.6500244140625,871.5999755859375,878.0,874.0999755859375,1651910,877.4094870633772
2020-04-16 14:00:00,874.0499877929688,872.4500122070312,875.9000244140625,875.9000244140625,1514908,877.3667760328955
2020-04-16 14:15:00,875.7000122070312,875.0,880.9500122070312,877.75,1999240,877.3778430008254
2020-04-16 14:30:00,877.7000122070312,873.5999755859375,879.25,875.0499877929688,1643516,877.3541695057204
2020-04-16 14:45:00,875.0499877929688,874.2000122070312,879.0499877929688,875.2999877929688,1721810,877.3339476989192
2020-04-16 15:00:00,875.25,874.0999755859375,880.9500122070312,880.0,2766226,877.3613793924962
2020-04-16 15:15:00,880.2000122070312,879.2000122070312,887.0,879.75,2768594,877.48298577208
2020-04-17 09:15:00,915.2999877929688,913.0999755859375,920.0,916.0499877929688,3665904,878.7925692586226
2020-04-17 09:30:00,916.25,913.0,917.4500122070312,914.4000244140625,1672956,879.3396602231235
2020-04-17 09:45:00,914.4000244140625,904.75,915.4500122070312,912.0,1859134,879.8588048907726
2020-04-17 10:00:00,912.0,908.0499877929688,914.0999755859375,912.25,2198168,880.4649573428006
2020-04-17 10:15:00,912.4000244140625,909.0,913.0,909.0999755859375,2172684,881.0211990073072
2020-04-17 10:30:00,909.25,900.0,912.0999755859375,906.5,3322800,881.71770871033
2020-04-17 10:45:00,906.75,898.0,906.75,903.4500122070312,2003624,882.0625047433751
2020-04-17 11:00:00,903.2999877929688,902.5,913.2999877929688,909.4000244140625,2565802,882.6044698356357
2020-04-17 11:15:00,909.6500244140625,909.4000244140625,916.0,911.7000122070312,2038078,883.0831200895472
2020-04-17 11:30:00,911.6500244140625,906.0499877929688,913.0,906.5,1317066,883.3447313334033
2020-04-17 11:45:00,906.5999755859375,902.4000244140625,909.2999877929688,902.7000122070312,3255898,883.8767682135472
2020-04-17 12:00:00,902.7999877929688,901.5,906.5,905.7999877929688,1317590,884.0826595600214
2020-04-17 12:15:00,905.9000244140625,904.0999755859375,907.3499755859375,905.25,950378,884.2355254322619
2020-04-17 12:30:00,905.25,903.0,905.3499755859375,903.25,860550,884.3611954223552
2020-04-17 12:45:00,903.4500122070312,901.3499755859375,906.75,905.0,1486614,884.5800121480406
2020-04-17 13:00:00,905.0,899.2999877929688,905.0499877929688,900.6500244140625,1154196,884.7238912788852
2020-04-17 13:15:00,900.7000122070312,896.0,900.7000122070312,898.25,1171628,884.8390940053441
2020-04-17 13:30:00,898.2000122070312,890.0,901.5,890.5999755859375,2116010,884.9777059367909
2020-04-17 13:45:00,890.5999755859375,889.6500244140625,895.0,892.5,1684210,885.0655162954346
2020-04-17 14:00:00,892.5,887.3499755859375,895.75,892.0999755859375,1948676,885.1557547772358
2020-04-17 14:15:00,892.0999755859375,890.9000244140625,902.7999877929688,897.4000244140625,2378422,885.3487611776393
2020-04-17 14:30:00,897.2999877929688,895.0,900.9000244140625,898.1500244140625,1714376,885.495420153738
2020-04-17 14:45:00,898.0999755859375,898.0999755859375,904.5,903.1500244140625,2008258,885.7151416756369
2020-04-17 15:00:00,903.25,902.0999755859375,910.8499755859375,909.4500122070312,4073110,886.2898320276062
2020-04-17 15:15:00,909.25,909.0499877929688,917.6500244140625,915.4500122070312,3537150,886.9124792799747
2020-04-20 09:15:00,951.0,937.2000122070312,960.5,954.7000122070312,7967151,889.9849015358856
2020-04-20 09:30:00,954.6500244140625,941.5499877929688,955.4000244140625,944.0,4713740,891.561807861746
2020-04-20 09:45:00,942.6500244140625,940.2999877929688,946.0,942.4000244140625,2617036,892.3384262127465
2020-04-20 10:00:00,942.7999877929688,942.2000122070312,947.0,943.6500244140625,1967256,892.922476960519
2020-04-20 10:15:00,943.2999877929688,942.0,945.4500122070312,945.1500244140625,1402392,893.3302101858803
2020-04-20 10:30:00,945.0,942.2000122070312,945.5,943.6500244140625,1669200,893.8032362946067
2020-04-20 10:45:00,943.5499877929688,942.1500244140625,945.0,944.4000244140625,1082588,894.1057152176352
2020-04-20 11:00:00,944.4000244140625,943.0499877929688,945.0499877929688,944.25,1447382,894.5065900240115
2020-04-20 11:15:00,944.0499877929688,936.9500122070312,944.25,939.7999877929688,2855414,895.2199925183714
2020-04-20 11:30:00,940.0,936.9000244140625,941.0,940.0499877929688,2765088,895.8748748477492
2020-04-20 11:45:00,940.0999755859375,939.9500122070312,945.5499877929688,943.7999877929688,2519878,896.5054875120392
2020-04-20 12:00:00,943.7999877929688,942.4000244140625,947.7000122070312,945.9000244140625,5033550,897.7740730529965
2020-04-20 12:15:00,945.7999877929688,942.75,946.3499755859375,945.9500122070312,1686850,898.1818501925637
2020-04-20 12:30:00,946.0,942.5499877929688,948.9500122070312,943.9500122070312,1712074,898.5897472886707
2020-04-20 12:45:00,943.8499755859375,942.0,945.4000244140625,943.6500244140625,1128658,898.8464453418347
2020-04-20 13:00:00,943.5999755859375,943.2000122070312,946.5999755859375,945.0,1458704,899.1830392914424
2020-04-20 13:15:00,945.0,943.9000244140625,945.9500122070312,944.9500122070312,1573228,899.5405919575828
2020-04-20 13:30:00,945.0,944.1500244140625,947.0,946.9500122070312,1773298,899.9465790924659
2020-04-20 13:45:00,947.0,943.7000122070312,949.8499755859375,945.2000122070312,2574292,900.5262017922016
2020-04-20 14:00:00,945.3499755859375,944.4500122070312,947.9000244140625,947.0999755859375,1218378,900.7968742626645
2020-04-20 14:15:00,947.1500244140625,947.0999755859375,953.0,950.0499877929688,2890696,901.4756378013885
2020-04-20 14:30:00,950.0999755859375,945.0,952.0,946.0,1845514,901.8784967582869
2020-04-20 14:45:00,945.75,938.5499877929688,946.0,942.2999877929688,2745894,902.3960984111069
2020-04-20 15:00:00,942.2999877929688,942.0,945.0,944.7999877929688,2106450,902.8003206937967
2020-04-20 15:15:00,944.9500122070312,943.1500244140625,947.7999877929688,944.8499755859375,2783620,903.3395046094089
2020-04-21 09:15:00,923.0499877929688,922.4000244140625,932.5499877929688,925.4000244140625,3245791,903.6815225841954
2020-04-21 09:30:00,925.4000244140625,923.25,928.7999877929688,928.2000122070312,1910378,903.8779149845009
2020-04-21 09:45:00,928.2999877929688,925.2000122070312,928.7999877929688,928.5,917840,903.9741424137117
2020-04-21 10:00:00,928.1500244140625,926.9000244140625,930.0,928.2000122070312,805342,904.0610187393374
2020-04-21 10:15:00,927.9000244140625,925.2999877929688,928.5,925.5999755859375,690822,904.1292624696396
2020-04-21 10:30:00,925.2999877929688,924.7000122070312,928.0499877929688,927.1500244140625,920628,904.2202381892114
2020-04-21 10:45:00,927.0,926.5,929.5,927.2999877929688,606228,904.2827535091254
2020-04-21 11:00:00,927.2999877929688,926.6500244140625,928.6500244140625,927.2000122070312,710386,904.3547617051859
2020-04-21 11:15:00,927.2000122070312,926.5999755859375,928.9500122070312,928.0,476526,904.4035415285556
2020-04-21 11:30:00,927.9000244140625,927.2999877929688,930.0,929.1500244140625,839036,904.4924602462911
2020-04-21 11:45:00,929.2000122070312,928.5,934.0,928.9000244140625,1471474,904.6573215994841
2020-04-21 12:00:00,928.9000244140625,926.0,930.75,926.2000122070312,872704,904.7435496727168
2020-04-21 12:15:00,926.1500244140625,923.2999877929688,927.9000244140625,923.9500122070312,1387802,904.8639344123344
2020-04-21 12:30:00,923.6500244140625,916.4500122070312,923.8499755859375,919.9500122070312,2481228,905.02355721452
2020-04-21 12:45:00,920.0,912.9000244140625,920.25,914.0,1176996,905.0764936586364
2020-04-21 13:00:00,914.0,913.6500244140625,917.9000244140625,916.0,914408,905.1177704627024
2020-04-21 13:15:00,916.5,908.2999877929688,916.5,908.7999877929688,1513246,905.1560913152999
2020-04-21 13:30:00,908.5,908.0,916.0,911.2999877929688,1389534,905.1941160551646
2020-04-21 13:45:00,911.0999755859375,908.9500122070312,916.0,914.4500122070312,1140740,905.2314304913831
2020-04-21 14:00:00,914.4500122070312,911.2999877929688,915.0,914.0999755859375,1018222,905.2658347198651
2020-04-21 14:15:00,913.9500122070312,913.5,918.9500122070312,917.2000122070312,1363938,905.32863111529
2020-04-21 14:30:00,917.0499877929688,912.25,921.7000122070312,913.5,1200872,905.3797685181821
2020-04-21 14:45:00,913.4500122070312,912.0,917.4000244140625,916.9000244140625,1138890,905.4260435357472
2020-04-21 15:00:00,916.9500122070312,916.6500244140625,923.5999755859375,922.3499755859375,1660980,905.5290032675324
2020-04-21 15:15:00,922.2000122070312,916.5,925.9500122070312,919.0,1555870,905.6218303209495
2020-04-22 09:15:00,917.75,912.4500122070312,923.25,913.5999755859375,1839294,905.7005885549729
2020-04-22 09:30:00,913.5999755859375,908.0,916.3499755859375,909.2000122070312,1795878,905.7393103392995
2020-04-22 09:45:00,909.25,907.4500122070312,912.9000244140625,910.6500244140625,1142852,905.7598653822444
2020-04-22 10:00:00,910.5999755859375,908.3499755859375,911.5,910.5999755859375,1121002,905.7790482745289
2020-04-22 10:15:00,910.75,908.2999877929688,911.0,909.1500244140625,1164738,905.7957898892366
2020-04-22 10:30:00,908.9500122070312,908.7000122070312,918.9500122070312,918.0,1492546,905.8500368833472
2020-04-22 10:45:00,918.25,916.2999877929688,919.5999755859375,918.25,1606888,905.9252019314442
2020-04-22 11:00:00,918.2000122070312,918.0499877929688,923.5999755859375,922.5499877929688,1297876,906.0018275811452
2020-04-22 11:15:00,922.4000244140625,915.0,924.7000122070312,918.2000122070312,2228126,906.1139189543467
2020-04-22 11:30:00,918.0999755859375,914.5,920.25,919.2000122070312,1134586,906.164646867806
2020-04-22 11:45:00,919.25,917.5,922.0,919.6500244140625,1935378,906.2627302810479
2020-04-22 12:00:00,919.7000122070312,916.7000122070312,920.9000244140625,916.7000122070312,956524,906.304921569285
2020-04-22 12:15:00,916.9500122070312,915.7999877929688,919.0,917.8499755859375,631350,906.3313144297973
2020-04-22 12:30:00,918.2999877929688,917.7999877929688,920.0,918.4500122070312,1325318,906.3922001592302
2020-04-22 12:45:00,918.2999877929688,918.0,920.4000244140625,919.75,939264,906.4371831551288
2020-04-22 13:00:00,919.75,917.5,922.0,919.2000122070312,787716,906.4751996009359
2020-04-22 13:15:00,919.0499877929688,917.5,920.0999755859375,918.25,998664,906.5196067612079
2020-04-22 13:30:00,918.25,913.2000122070312,918.75,916.5,1316782,906.5658269213504
2020-04-22 13:45:00,916.9000244140625,915.5499877929688,921.9500122070312,919.75,1295514,906.6246553747089
2020-04-22 14:00:00,919.75,919.0,928.6500244140625,927.7999877929688,1670412,906.7362372709187
2020-04-22 14:15:00,927.9000244140625,925.0499877929688,930.0,926.25,2032874,906.8844209267766
2020-04-22 14:30:00,926.2999877929688,926.2999877929688,932.0,929.75,2063318,907.0491308555561
2020-04-22 14:45:00,929.75,929.7000122070312,932.9000244140625,932.0499877929688,1140200,907.1479958966082
2020-04-22 15:00:00,932.0,926.5,932.0999755859375,928.0499877929688,1736654,907.2807654557731
2020-04-22 15:15:00,927.9000244140625,925.7000122070312,931.4500122070312,928.5999755859375,2962412,907.5004475116997
2020-04-23 09:15:00,934.25,913.25,934.25,922.1500244140625,2734495,907.6486406440383
2020-04-23 09:30:00,921.9000244140625,920.2000122070312,927.5999755859375,925.1500244140625,1479202,907.7332278786739
2020-04-23 09:45:00,925.1500244140625,924.5,930.0,929.8499755859375,966460,907.8005901335363
2020-04-23 10:00:00,929.8499755859375,926.3499755859375,930.5,927.7000122070312,1069784,907.8748797843584
2020-04-23 10:15:00,927.1500244140625,927.0,934.5999755859375,931.7000122070312,1588758,907.9999174561193
2020-04-23 10:30:00,931.75,929.5999755859375,932.8499755859375,930.8499755859375,1770982,908.1377189567335
2020-04-23 10:45:00,931.0,930.3499755859375,932.75,932.0499877929688,1188484,908.231736546404
2020-04-23 11:00:00,932.2000122070312,930.5,935.0,934.8499755859375,1804682,908.3835064684162
2020-04-23 11:15:00,935.0,932.8499755859375,940.6500244140625,940.0999755859375,2363690,908.6140880107337
2020-04-23 11:30:00,940.2000122070312,939.2000122070312,945.5,944.25,2189810,908.8613180677424
2020-04-23 11:45:00,943.9000244140625,943.2000122070312,948.4000244140625,946.3499755859375,2480872,909.1613972119881
2020-04-23 12:00:00,946.4500122070312,943.0,947.7999877929688,946.0,1702470,909.3624168591089
2020-04-23 12:15:00,946.1500244140625,945.0,948.9500122070312,946.5,1096956,909.4950789193974
2020-04-23 12:30:00,946.5,944.0999755859375,947.2999877929688,945.7000122070312,1361724,909.6535710196612
2020-04-23 12:45:00,945.6500244140625,940.0499877929688,945.75,943.0,1037460,909.7641968375449
2020-04-23 13:00:00,943.0999755859375,937.0499877929688,944.5,939.4000244140625,1385318,909.8992104004874
2020-04-23 13:15:00,939.2999877929688,934.7000122070312,942.0,939.7999877929688,1260416,910.0150782982053
2020-04-23 13:30:00,939.7999877929688,935.2000122070312,941.0,939.5999755859375,1049700,910.110093927706
2020-04-23 13:45:00,939.7000122070312,939.4500122070312,944.9000244140625,943.25,1088632,910.22148131546
2020-04-23 14:00:00,942.9500122070312,942.1500244140625,946.9000244140625,945.7000122070312,860070,910.3153940493153
2020-04-23 14:15:00,944.7999877929688,944.7999877929688,948.4500122070312,946.5499877929688,1108148,910.4414981946305
2020-04-23 14:30:00,946.9000244140625,944.4500122070312,953.3499755859375,952.7999877929688,1824864,910.667749548232
2020-04-23 14:45:00,952.7999877929688,951.3499755859375,955.5499877929688,955.5499877929688,1534180,910.8747856784233
2020-04-23 15:00:00,955.5499877929688,950.0499877929688,958.4000244140625,955.2000122070312,2674778,911.2343615305355
2020-04-23 15:15:00,955.25,952.0999755859375,955.9000244140625,953.25,1833152,911.4729070391364
2020-04-24 09:15:00,933.0,926.0999755859375,937.5,929.0999755859375,2925202,911.6452987346793
2020-04-24 09:30:00,929.2999877929688,927.5499877929688,933.9000244140625,930.0499877929688,3207910,911.827012988668
2020-04-24 09:45:00,930.1500244140625,929.5,935.4000244140625,933.0,1246964,911.9046685527288
2020-04-24 10:00:00,933.0,931.0,935.5999755859375,931.2999877929688,836938,911.9564651228534
2020-04-24 10:15:00,931.0999755859375,930.1500244140625,935.3499755859375,930.6500244140625,793860,912.0039777393605
2020-04-24 10:30:00,931.0,929.3499755859375,931.9000244140625,930.0,654812,912.0398200604981
2020-04-24 10:45:00,930.0499877929688,929.9000244140625,933.0,932.9500122070312,693822,912.0808018534776
2020-04-24 11:00:00,933.0,930.0,933.4000244140625,931.0999755859375,556038,912.112782511267
2020-04-24 11:15:00,931.1500244140625,930.5,934.4000244140625,934.4000244140625,715446,912.1571601709315
2020-04-24 11:30:00,934.0999755859375,930.0999755859375,934.1500244140625,932.75,710904,912.1994631115963
2020-04-24 11:45:00,933.0,931.0999755859375,933.7999877929688,932.5,814846,912.2480531732028
2020-04-24 12:00:00,932.5499877929688,932.0,936.0,936.0,945382,912.3102385243607
2020-04-24 12:15:00,935.6500244140625,934.5499877929688,944.4500122070312,943.75,1463032,912.4325111353447
2020-04-24 12:30:00,944.1500244140625,941.5499877929688,950.4000244140625,947.9000244140625,1761424,912.6075246023357
2020-04-24 12:45:00,947.9500122070312,944.9500122070312,950.0,947.2999877929688,1492278,912.7578547057226
2020-04-24 13:00:00,947.2999877929688,944.0,958.0,951.7999877929688,1884778,912.9667654191537
2020-04-24 13:15:00,951.7999877929688,947.5,954.75,953.1500244140625,1173824,913.0975276193609
2020-04-24 13:30:00,953.0999755859375,945.2000122070312,953.4500122070312,945.6500244140625,1085166,913.2061503817383
2020-04-24 13:45:00,945.2999877929688,941.5,949.0,944.0999755859375,1225858,913.3167526351086
2020-04-24 14:00:00,944.0999755859375,934.5,946.0,939.7000122070312,1763986,913.450549466735
2020-04-24 14:15:00,939.7000122070312,935.2999877929688,943.5,938.8499755859375,1243564,913.5410844599636
2020-04-24 14:30:00,939.0,935.0499877929688,941.9000244140625,938.1500244140625,1172514,913.6230593468713
2020-04-24 14:45:00,938.2999877929688,938.0,941.9500122070312,940.7999877929688,954844,913.6944679543087
2020-04-24 15:00:00,940.4500122070312,937.0,940.75,938.25,1163266,913.7757914563199
2020-04-24 15:15:00,938.25,936.0,940.0,937.0,1359092,913.8663463476345
2020-04-27 09:15:00,945.0,945.0,957.3499755859375,955.0999755859375,1270171,914.002658847542
2020-04-27 09:30:00,955.9000244140625,950.0,957.1500244140625,950.9000244140625,1372930,914.1496814260555
2020-04-27 09:45:00,950.8499755859375,945.4500122070312,950.9500122070312,949.3499755859375,1115766,914.2557186061455
2020-04-27 10:00:00,949.5999755859375,947.4000244140625,952.0,947.5499877929688,947258,914.3462733728053
2020-04-27 10:15:00,947.6500244140625,947.1500244140625,951.0,948.75,1249916,914.4649839006146
2020-04-27 10:30:00,949.0499877929688,943.5499877929688,950.0999755859375,947.8499755859375,1531118,914.6017676285926
2020-04-27 10:45:00,948.2000122070312,946.0,949.5999755859375,947.3499755859375,759968,914.670237349901
2020-04-27 11:00:00,947.1500244140625,937.7000122070312,947.5,944.5,1842928,914.8130255895604
2020-04-27 11:15:00,944.5499877929688,942.5,945.0,943.0,756134,914.8717437434399
2020-04-27 11:30:00,943.2000122070312,941.4000244140625,945.0,944.0,658350,914.9226137134998
2020-04-27 11:45:00,944.0,941.0999755859375,945.0,942.1500244140625,602480,914.9678434624167
2020-04-27 12:00:00,942.2999877929688,940.7000122070312,944.2000122070312,942.6500244140625,759164,915.024150085738
2020-04-27 12:15:00,942.7000122070312,942.6500244140625,945.0,944.5999755859375,740314,915.0819537260695
2020-04-27 12:30:00,944.5999755859375,942.0,944.7999877929688,943.6500244140625,501210,915.1201508420182
2020-04-27 12:45:00,943.6500244140625,942.0,944.4000244140625,942.0,547766,915.1607757505571
2020-04-27 13:00:00,942.0,942.0,944.75,943.0999755859375,656260,915.2101387024392
2020-04-27 13:15:00,943.25,942.0,944.5,942.2999877929688,629158,915.2567126682382
2020-04-27 13:30:00,942.0999755859375,932.5,942.1500244140625,933.25,1867798,915.3594880031045
2020-04-27 13:45:00,933.0,927.7999877929688,936.0,934.8499755859375,1711090,915.43879503898
2020-04-27 14:00:00,934.9500122070312,933.5999755859375,937.2999877929688,934.0999755859375,1048728,915.4929034524704
2020-04-27 14:15:00,933.7999877929688,930.0,934.0,932.4500122070312,932352,915.5337654329888
2020-04-27 14:30:00,932.5,930.25,935.5999755859375,930.3499755859375,816556,915.5692094269408
2020-04-27 14:45:00,930.3499755859375,930.0,933.9000244140625,933.2999877929688,891142,915.6084960454506
2020-04-27 15:00:00,933.0499877929688,928.0,933.6500244140625,929.1500244140625,1338434,915.6597055334778
2020-04-27 15:15:00,929.3499755859375,926.5499877929688,930.6500244140625,929.9500122070312,2138842,915.7340458624349
2020-04-28 09:15:00,942.5,932.2999877929688,942.5,934.75,1629098,915.8215583867577
2020-04-28 09:30:00,934.7999877929688,928.5,934.7999877929688,931.2000122070312,1507664,915.8824196672762
2020-04-28 09:45:00,931.3499755859375,924.0,933.0,926.0999755859375,1749716,915.9354198447138
2020-04-28 10:00:00,926.0999755859375,925.0,929.5,927.8499755859375,803026,915.959071737895
2020-04-28 10:15:00,928.1500244140625,927.25,931.25,929.7999877929688,769326,915.9855354007483
2020-04-28 10:30:00,930.0,927.0,930.0,928.7000122070312,499688,916.0015641560212
2020-04-28 10:45:00,928.6500244140625,927.8499755859375,932.0,931.0,746746,916.0287041424078
2020-04-28 11:00:00,931.2000122070312,929.0999755859375,931.9500122070312,930.0,599778,916.0505296984304
2020-04-28 11:15:00,930.3499755859375,929.5999755859375,932.5,931.25,1985594,916.1261605695943
2020-04-28 11:30:00,931.4000244140625,928.0999755859375,931.6500244140625,930.0,885222,916.1569547404197
2020-04-28 11:45:00,930.4000244140625,929.4500122070312,931.5,931.2000122070312,680984,916.1819225620253
2020-04-28 12:00:00,931.0999755859375,928.6500244140625,931.5999755859375,928.6500244140625,702382,916.2056726222428
2020-04-28 12:15:00,929.2000122070312,925.0,930.7000122070312,928.2000122070312,1123744,916.2388017412178
2020-04-28 12:30:00,928.25,922.1500244140625,928.4500122070312,924.9500122070312,1296358,916.2677733452923
2020-04-28 12:45:00,925.0,924.7999877929688,927.4500122070312,925.0499877929688,881606,916.2886509644668
2020-04-28 13:00:00,925.25,923.7999877929688,927.5,926.4500122070312,1088472,916.3147071442697
2020-04-28 13:15:00,926.5,926.0,934.5,932.0,2447084,916.4025075960603
2020-04-28 13:30:00,932.0499877929688,926.5,932.7999877929688,929.8499755859375,1324174,916.4459348012548
2020-04-28 13:45:00,929.9500122070312,928.75,932.3499755859375,931.2999877929688,704498,916.4708007364738
2020-04-28 14:00:00,931.4000244140625,931.0999755859375,934.5,934.3499755859375,1108428,916.5165905426238
2020-04-28 14:15:00,934.2999877929688,927.9000244140625,936.4500122070312,930.4000244140625,1415408,916.568705836746
2020-04-28 14:30:00,930.2999877929688,929.5,932.0,930.25,651890,916.5909967647117
2020-04-28 14:45:00,930.25,930.2000122070312,933.7999877929688,933.4500122070312,867848,916.6245771111412
2020-04-28 15:00:00,933.2999877929688,929.0,933.5,931.9000244140625,1447986,916.6767187750277
2020-04-28 15:15:00,932.2999877929688,929.5499877929688,933.5,933.5,1434774,916.7305106203343
2020-04-29 09:15:00,935.0,935.0,949.7000122070312,947.7999877929688,2365165,916.8865105354223
2020-04-29 09:30:00,947.9500122070312,947.25,956.75,956.2999877929688,2879268,917.1377428859879
2020-04-29 09:45:00,956.0499877929688,950.2000122070312,956.9000244140625,950.5,1584202,917.2711147536248
2020-04-29 10:00:00,950.6500244140625,948.5,954.0,948.8499755859375,1192026,917.3649189330757
2020-04-29 10:15:00,948.5999755859375,946.2999877929688,951.8499755859375,950.5,2856438,917.5815005861248
2020-04-29 10:30:00,950.5999755859375,949.5499877929688,952.7999877929688,950.2000122070312,734890,917.6389977847645
2020-04-29 10:45:00,950.0,948.1500244140625,951.2999877929688,948.1500244140625,757334,917.6951099180719
2020-04-29 11:00:00,948.0,945.0,949.0,948.4000244140625,1256960,917.7827013978215
2020-04-29 11:15:00,948.1500244140625,948.0,950.4500122070312,949.7999877929688,906898,917.8497098987577
2020-04-29 11:30:00,949.75,947.5,949.9500122070312,947.5499877929688,654668,917.8962515673047
2020-04-29 11:45:00,947.0499877929688,945.75,948.9000244140625,948.0,1093572,917.9716869590437
2020-04-29 12:00:00,948.0,948.0,949.7000122070312,949.5,702862,918.0224443109618
2020-04-29 12:15:00,949.5,948.6500244140625,951.4000244140625,950.2999877929688,853606,918.0859427335349
2020-04-29 12:30:00,950.2999877929688,949.2999877929688,952.5,952.4500122070312,1113686,918.1717583556043
2020-04-29 12:45:00,952.5,951.0,960.7999877929688,959.7000122070312,2237626,918.3724426644279
2020-04-29 13:00:00,959.75,958.75,964.0,960.0,2452700,918.6110918984319
2020-04-29 13:15:00,960.0,956.0,962.5,962.1500244140625,2120692,918.8119100321984
2020-04-29 13:30:00,962.0,959.5,965.0,961.4500122070312,1590362,918.9676130208354
2020-04-29 13:45:00,961.4500122070312,960.0,961.5,960.7999877929688,1135878,919.075008343275
2020-04-29 14:00:00,960.5,960.4500122070312,968.4000244140625,966.2000122070312,2638246,919.3475452803682
2020-04-29 14:15:00,966.2000122070312,965.3499755859375,973.9000244140625,973.7999877929688,3233188,919.720468447317
2020-04-29 14:30:00,973.7999877929688,973.2000122070312,982.7000122070312,981.6500244140625,4736562,920.3426234722161
2020-04-29 14:45:00,981.5999755859375,981.5999755859375,992.6500244140625,987.0,5739954,921.1782586359778
2020-04-29 15:00:00,987.0,976.0,987.0999755859375,976.4000244140625,3875732,921.6699817646331
2020-04-29 15:15:00,976.2999877929688,965.0,982.0,970.7999877929688,5336560,922.2511636963817
2020-04-30 09:15:00,1002.8499755859375,998.5,1011.0,1003.0,4027389,922.9505908544614
2020-04-30 09:30:00,1003.0,1001.4500122070312,1010.7000122070312,1007.4500122070312,2489374,923.3893979078489
2020-04-30 09:45:00,1007.4000244140625,1003.0,1007.6500244140625,1005.0,1112488,923.5809304013032
2020-04-30 10:00:00,1004.9500122070312,1004.5499877929688,1014.3499755859375,1013.5999755859375,2212008,923.9851305380306
2020-04-30 10:15:00,1013.4000244140625,1009.7000122070312,1013.5999755859375,1010.0,1216874,924.206575077066
2020-04-30 10:30:00,1010.0,1007.0,1010.0,1007.75,1104666,924.400066092946
2020-04-30 10:45:00,1007.9000244140625,1005.0,1008.0,1005.9000244140625,774806,924.5321049970581
2020-04-30 11:00:00,1005.8499755859375,1005.2000122070312,1012.5999755859375,1010.0499877929688,1438584,924.7850397262142
2020-04-30 11:15:00,1009.9500122070312,1009.9500122070312,1012.7000122070312,1010.7000122070312,804346,924.9288586657871
2020-04-30 11:30:00,1010.75,1008.0,1011.6500244140625,1009.9000244140625,734168,925.0577888739913
2020-04-30 11:45:00,1009.4500122070312,1009.0,1014.6500244140625,1014.3499755859375,962112,925.2317506592341
2020-04-30 12:00:00,1014.4500122070312,1013.4500122070312,1018.0,1016.0499877929688,1840570,925.5746144410025
2020-04-30 12:15:00,1015.9500122070312,1015.5999755859375,1019.0,1016.5499877929688,1066186,925.7747018063643
2020-04-30 12:30:00,1016.5999755859375,1010.0,1017.0499877929688,1011.3499755859375,1777324,926.0908668769573
2020-04-30 12:45:00,1011.0999755859375,1005.0,1011.5,1006.2999877929688,1630894,926.3616916625977
2020-04-30 13:00:00,1006.2999877929688,995.5999755859375,1007.25,1003.3499755859375,2971164,926.817189623302
2020-04-30 13:15:00,1003.4000244140625,1001.3499755859375,1006.0,1004.9000244140625,993136,926.9722714451227
2020-04-30 13:30:00,1005.0999755859375,1000.0,1007.0,1000.5499877929688,1465030,927.1952831793095
2020-04-30 13:45:00,1000.5,1000.0,1003.4500122070312,1001.0,1076208,927.3560340703266
2020-04-30 14:00:00,1000.9000244140625,1000.9000244140625,1008.5,1004.2000122070312,1325644,927.5611969138713
2020-04-30 14:15:00,1004.4000244140625,1000.0999755859375,1005.5,1000.8499755859375,1025234,927.7142304950719
2020-04-30 14:30:00,1000.5499877929688,1000.5,1005.0,1004.5,1147642,927.8875038837566
2020-04-30 14:45:00,1004.1500244140625,992.1500244140625,1004.4500122070312,995.0,2149534,928.1837072146162
2020-04-30 15:00:00,995.0,995.0,1005.5,1002.9000244140625,2932470,928.6065375337438
2020-04-30 15:15:00,1002.9000244140625,999.2000122070312,1003.0,999.8499755859375,2656116,928.9829619992544
2020-05-04 09:15:00,960.0,937.4500122070312,960.0,941.9000244140625,2843191,929.0800666099035
2020-05-04 09:30:00,941.75,931.4000244140625,942.5999755859375,935.7000122070312,2078390,929.1103681578248
2020-05-04 09:45:00,935.7000122070312,931.7999877929688,937.7999877929688,931.7999877929688,989032,929.1193831468813
2020-05-04 10:00:00,931.7999877929688,927.0,933.2999877929688,932.7000122070312,1536012,929.1249809488993
2020-05-04 10:15:00,932.7000122070312,931.2999877929688,935.2999877929688,934.3499755859375,970644,929.1334763775606
2020-05-04 10:30:00,934.6500244140625,933.0,935.75,935.0499877929688,908006,929.1430603161249
2020-05-04 10:45:00,935.0499877929688,933.5999755859375,940.0,933.5999755859375,1719080,929.1648626844421
2020-05-04 11:00:00,934.0,932.1500244140625,936.0,934.0,549734,929.170025375492
2020-05-04 11:15:00,934.0999755859375,930.0,934.0999755859375,931.8499755859375,734458,929.1739919444261
2020-05-04 11:30:00,931.8499755859375,930.4500122070312,934.7999877929688,932.9500122070312,464572,929.177163477923
2020-05-04 11:45:00,932.9500122070312,930.5499877929688,933.7999877929688,932.7999877929688,377968,929.1794860612994
2020-05-04 12:00:00,932.4500122070312,932.1500244140625,935.5,932.5499877929688,515646,929.1836530260131
2020-05-04 12:15:00,932.5499877929688,930.5499877929688,934.6500244140625,931.5999755859375,477896,929.1864714963561
2020-05-04 12:30:00,931.5499877929688,930.5,933.4000244140625,932.7999877929688,378904,929.1886783475887
2020-05-04 12:45:00,932.7999877929688,928.0,933.0,929.3499755859375,914912,929.1902984768602
2020-05-04 13:00:00,929.3499755859375,928.3499755859375,932.6500244140625,931.0999755859375,410152,929.1914791385052
2020-05-04 13:15:00,931.0499877929688,929.0499877929688,932.9500122070312,931.3499755859375,363932,929.1928141409285
2020-05-04 13:30:00,931.3499755859375,928.7000122070312,934.4000244140625,932.4500122070312,667164,929.1961877601805
2020-05-04 13:45:00,932.4500122070312,927.0499877929688,932.5999755859375,932.4000244140625,852106,929.1985953423826
2020-05-04 14:00:00,932.5,925.25,932.7999877929688,926.7999877929688,1354718,929.1962456174232
2020-05-04 14:15:00,926.5,921.0499877929688,927.5999755859375,922.0999755859375,1275050,929.1827159298462
2020-05-04 14:30:00,921.75,920.25,923.2000122070312,920.75,946280,929.1688181600704
2020-05-04 14:45:00,920.5499877929688,917.5,924.2999877929688,921.9000244140625,1459438,929.1470230560916
2020-05-04 15:00:00,921.9500122070312,919.0,924.0,921.9000244140625,1304618,929.1286207927751
2020-05-04 15:15:00,922.0,921.0499877929688,925.5,924.9000244140625,1441904,929.1142807179895
2020-05-05 09:15:00,938.5999755859375,933.4000244140625,943.9500122070312,934.0999755859375,1939812,929.1433591708393
2020-05-05 09:30:00,934.5499877929688,933.7000122070312,939.5999755859375,939.4500122070312,1244234,929.1629036003505
2020-05-05 09:45:00,939.2999877929688,931.4500122070312,940.0999755859375,934.0,977442,929.1738358282817
2020-05-05 10:00:00,934.0,926.0,934.0,931.9500122070312,1597444,929.1782036514477
2020-05-05 10:15:00,931.9500122070312,930.0,936.0,934.2999877929688,973792,929.1858648989694
2020-05-05 10:30:00,934.2999877929688,931.5499877929688,934.7000122070312,932.5499877929688,403856,929.1886610510587
2020-05-05 10:45:00,932.25,931.5,933.4000244140625,932.0,443470,929.1912081965933
2020-05-05 11:00:00,932.0499877929688,929.75,933.8499755859375,930.4500122070312,654162,929.193812023827
2020-05-05 11:15:00,930.3499755859375,928.0499877929688,931.2000122070312,928.5999755859375,604070,929.1939116119802
2020-05-05 11:30:00,928.5999755859375,927.0499877929688,932.0,929.7999877929688,648748,929.1944161237986
2020-05-05 11:45:00,929.9000244140625,926.4000244140625,929.9000244140625,927.2999877929688,588254,929.1929808915537
2020-05-05 12:00:00,927.2999877929688,924.5,930.25,928.0999755859375,1378024,929.1889993740241
2020-05-05 12:15:00,928.0,921.0,928.5,926.2999877929688,1354816,929.1792832092954
2020-05-05 12:30:00,926.2999877929688,923.5,926.9000244140625,926.5999755859375,974648,929.1730347208761
2020-05-05 12:45:00,927.0,926.5999755859375,933.0499877929688,930.9500122070312,1355716,929.17556952376
2020-05-05 13:00:00,931.7000122070312,931.4000244140625,936.0,932.5999755859375,1230234,929.1848613064285
2020-05-05 13:15:00,932.5499877929688,931.4500122070312,934.7999877929688,933.5999755859375,636754,929.1895965490594
2020-05-05 13:30:00,933.6500244140625,932.5,938.0,935.7999877929688,829910,929.1989845095798
2020-05-05 13:45:00,935.75,930.0,936.25,930.25,962036,929.2041480593131
2020-05-05 14:00:00,930.25,926.2000122070312,931.0,929.3499755859375,1407972,929.2032485223176
2020-05-05 14:15:00,929.3499755859375,923.4500122070312,929.3499755859375,923.4500122070312,1033940,929.1961988563271
2020-05-05 14:30:00,923.4000244140625,915.0499877929688,923.4000244140625,915.8499755859375,1829634,929.159762408318
2020-05-05 14:45:00,915.8499755859375,909.5499877929688,918.7999877929688,911.75,1701908,929.111670004839
2020-05-05 15:00:00,911.25,908.1500244140625,912.5,909.0,1600882,929.0567498750473
2020-05-05 15:15:00,908.75,908.5999755859375,915.2999877929688,914.4500122070312,1532194,929.0123851472235
2020-05-06 09:15:00,918.9500122070312,906.0,919.0,911.9500122070312,1889947,928.956429778177
2020-05-06 09:30:00,911.5999755859375,908.4000244140625,912.8499755859375,909.9000244140625,1074806,928.9210972779091
2020-05-06 09:45:00,909.75,906.6500244140625,929.6500244140625,927.0,2324450,928.8890519979954
2020-05-06 10:00:00,927.7999877929688,923.3499755859375,933.25,931.8499755859375,1823622,928.8909561354687
2020-05-06 10:15:00,931.3499755859375,927.25,935.75,935.5,1461666,928.9010550725953
2020-05-06 10:30:00,935.7999877929688,932.7000122070312,938.0,933.0999755859375,1338194,928.9143892197187
2020-05-06 10:45:00,933.0,931.7000122070312,941.0,940.4000244140625,1307430,928.9344270812862
2020-05-06 11:00:00,940.9500122070312,939.2999877929688,944.8499755859375,940.3499755859375,1307610,928.9630247519307
2020-05-06 11:15:00,940.4500122070312,935.5999755859375,942.9000244140625,938.5999755859375,991094,928.9803659701507
2020-05-06 11:30:00,938.4000244140625,938.0,940.9000244140625,939.8499755859375,1165080,929.0017863535671
2020-05-06 11:45:00,939.5,938.75,944.2000122070312,941.7000122070312,1260462,929.029152134542
2020-05-06 12:00:00,941.5999755859375,941.5499877929688,947.6500244140625,944.5499877929688,1168834,929.0605440994611
2020-05-06 12:15:00,944.5499877929688,940.5999755859375,945.9000244140625,941.3499755859375,705532,929.0770386959911
2020-05-06 12:30:00,941.0,940.5,945.8499755859375,943.9000244140625,1042984,929.1027855876339
2020-05-06 12:45:00,944.0,941.5499877929688,947.5,943.1500244140625,1078154,929.1305078783703
2020-05-06 13:00:00,943.1500244140625,940.0999755859375,945.9000244140625,941.4000244140625,901558,929.1511358426326
2020-05-06 13:15:00,941.1500244140625,940.5499877929688,944.1500244140625,941.5999755859375,756130,929.1679121608197
2020-05-06 13:30:00,941.2999877929688,941.0999755859375,950.0,947.0499877929688,1629388,929.2149132804233
2020-05-06 13:45:00,947.3499755859375,944.7999877929688,949.5,945.1500244140625,1011118,929.2446958886313
2020-05-06 14:00:00,945.0999755859375,944.5499877929688,949.5,945.5499877929688,862432,929.2700912967811
2020-05-06 14:15:00,945.4500122070312,940.5499877929688,947.9000244140625,941.75,1879742,929.3151853506303
2020-05-06 14:30:00,941.75,935.0,944.5999755859375,942.3499755859375,2410570,929.3613852814331
2020-05-06 14:45:00,942.4000244140625,937.0,944.4000244140625,944.4000244140625,966594,929.3818990661124
2020-05-06 15:00:00,944.0,943.2999877929688,950.0,945.5999755859375,1691796,929.4300782351937
2020-05-06 15:15:00,945.75,943.2000122070312,948.5999755859375,946.5499877929688,1431854,929.4702000530939
2020-05-07 09:15:00,941.0,925.0,941.0,930.5,1918259,929.4788581033141
2020-05-07 09:30:00,931.0,931.0,937.5,934.5999755859375,1460144,929.4907750997909
2020-05-07 09:45:00,935.2000122070312,934.0,940.0,938.9500122070312,1118712,929.5059880895062
2020-05-07 10:00:00,938.9500122070312,936.5499877929688,943.0499877929688,939.5499877929688,1007868,929.5231109371465
2020-05-07 10:15:00,939.9000244140625,936.25,939.9500122070312,936.5499877929688,776406,929.5335099827524
2020-05-07 10:30:00,937.0,935.0,937.2000122070312,936.2999877929688,239828,929.5361524199438
2020-05-07 10:45:00,931.75,930.4500122070312,934.9500122070312,934.2999877929688,1217610,929.5436149558883
2020-05-07 11:00:00,934.25,932.0,937.0,932.8499755859375,475214,929.5470834098284
2020-05-07 11:15:00,932.7999877929688,932.5,935.5,933.5999755859375,283038,929.5491075812092
2020-05-07 11:30:00,933.6500244140625,933.6500244140625,937.0,935.25,330592,929.5522535329808
2020-05-07 11:45:00,935.2999877929688,930.0,936.25,931.0,715916,929.5556428126774
2020-05-07 12:00:00,931.0999755859375,930.0,932.5999755859375,930.6500244140625,483538,929.5568627253459
2020-05-07 12:15:00,931.0,926.5,931.0,928.0999755859375,796184,929.5555186942771
2020-05-07 12:30:00,928.0,926.5999755859375,930.8499755859375,929.1500244140625,1053150,929.5543242670084
2020-05-07 12:45:00,929.2999877929688,927.0999755859375,930.7000122070312,927.7999877929688,800034,929.5529811911977
2020-05-07 13:00:00,927.5499877929688,926.5999755859375,930.0,929.0999755859375,603614,929.5520032385737
2020-05-07 13:15:00,929.0999755859375,928.5999755859375,932.4500122070312,931.75,376480,929.5528569390651
2020-05-07 13:30:00,927.6500244140625,922.5999755859375,929.2000122070312,925.7999877929688,1296446,929.545028462365
2020-05-07 13:45:00,925.5499877929688,924.1500244140625,928.0,926.5,591158,929.5418084554753
2020-05-07 14:00:00,926.9000244140625,925.0999755859375,928.7999877929688,925.5999755859375,358800,929.5400233822822
2020-05-07 14:15:00,925.5,923.5,927.7999877929688,925.5,645222,929.535869834897
2020-05-07 14:30:00,925.2999877929688,925.0,927.5,925.6500244140625,647372,929.5321867162809
2020-05-07 14:45:00,925.5,924.1500244140625,927.0,926.4000244140625,667428,929.5281800135447
2020-05-07 15:00:00,926.4000244140625,924.4000244140625,926.5,925.0499877929688,1200832,929.51995096904
2020-05-07 15:15:00,925.2000122070312,922.7999877929688,928.0,927.2999877929688,2172606,929.5076685726316
2020-05-08 09:15:00,943.0,935.0,943.7000122070312,937.5,1367375,929.5280775145022
2020-05-08 09:30:00,937.25,933.2000122070312,939.0,936.2999877929688,990320,929.5386966967553
2020-05-08 09:45:00,936.5499877929688,931.0,938.0,932.8499755859375,677236,929.543516963468
2020-05-08 10:00:00,932.8499755859375,931.4000244140625,935.9000244140625,931.5,595808,929.5467725722009
2020-05-08 10:15:00,931.5,930.0,933.5,931.4500122070312,565214,929.5486870577984
2020-05-08 10:30:00,931.4500122070312,930.4500122070312,933.7000122070312,930.7999877929688,570214,929.5506149508312
2020-05-08 10:45:00,930.7999877929688,928.0499877929688,931.5,929.4000244140625,662018,929.5507207055515
2020-05-08 11:00:00,929.4000244140625,927.3499755859375,930.9500122070312,929.9000244140625,480120,929.550604489235
2020-05-08 11:15:00,929.9000244140625,928.9000244140625,932.75,931.5999755859375,465280,929.5517489777059
2020-05-08 11:30:00,931.5999755859375,928.7000122070312,932.5999755859375,929.9000244140625,338064,929.5522089392783
2020-05-08 11:45:00,929.7999877929688,929.5,932.4000244140625,931.0,460056,929.5532519264458
2020-05-08 12:00:00,931.0,928.0,931.7000122070312,931.0999755859375,1127714,929.5545390792157
2020-05-08 12:15:00,931.4000244140625,926.4500122070312,931.5499877929688,930.4500122070312,790108,929.5544491875221
2020-05-08 12:30:00,930.5,929.0,933.4500122070312,932.8499755859375,754156,929.5571118006118
2020-05-08 12:45:00,933.0,932.2000122070312,936.5499877929688,935.5,804110,929.5637674020229
2020-05-08 13:00:00,935.4000244140625,934.5,938.0,936.25,661798,929.570812903802
2020-05-08 13:15:00,936.2000122070312,935.0,937.2000122070312,935.0499877929688,598506,929.5766957999886
2020-05-08 13:30:00,935.0999755859375,934.0,936.0,934.7000122070312,530718,929.5811860474915
2020-05-08 13:45:00,934.9000244140625,926.5999755859375,935.4500122070312,930.4000244140625,1162426,929.5834644261253
2020-05-08 14:00:00,930.1500244140625,928.3499755859375,931.9500122070312,930.2000122070312,728798,929.5841379418416
2020-05-08 14:15:00,930.0999755859375,928.7999877929688,934.0,932.7000122070312,1076140,929.5879668714665
2020-05-08 14:30:00,932.6500244140625,928.0,933.9500122070312,931.0,865430,929.5898745656755
2020-05-08 14:45:00,931.4000244140625,927.25,931.7999877929688,930.0999755859375,899568,929.5900544755158
2020-05-08 15:00:00,930.3499755859375,925.3499755859375,931.5,928.4500122070312,1390896,929.5875220100356
2020-05-08 15:15:00,928.4000244140625,927.9500122070312,932.0,930.4000244140625,1370338,929.5886609348448
2020-05-11 09:15:00,937.4500122070312,935.7000122070312,943.0,941.75,1477570,929.6131145689131
2020-05-11 09:30:00,942.0499877929688,941.9000244140625,954.0,953.6500244140625,2376808,929.6882076252152
2020-05-11 09:45:00,953.5999755859375,947.5,953.9500122070312,949.7000122070312,1301200,929.7301634825634
2020-05-11 10:00:00,949.7000122070312,943.7999877929688,950.0,943.7999877929688,1625290,929.7709223412418
2020-05-11 10:15:00,943.9500122070312,936.9000244140625,943.9500122070312,941.5,1542708,929.7972619048176
2020-05-11 10:30:00,941.4000244140625,936.2999877929688,941.7999877929688,938.6500244140625,1011492,929.8115406605161
2020-05-11 10:45:00,938.2999877929688,937.0,940.0,938.0,730796,929.8211700228248
2020-05-11 11:00:00,938.0,935.5999755859375,939.4000244140625,937.3499755859375,756008,929.8300773394996
2020-05-11 11:15:00,937.2999877929688,936.7999877929688,940.9500122070312,937.0,797460,929.8404346140555
2020-05-11 11:30:00,937.0,932.75,937.0,934.4000244140625,1152626,929.8490888855631
2020-05-11 11:45:00,934.4500122070312,932.4000244140625,935.4500122070312,933.0999755859375,693034,929.8531405786382
2020-05-11 12:00:00,933.0999755859375,931.25,935.5499877929688,934.2999877929688,793546,929.8578302407768
2020-05-11 12:15:00,934.2999877929688,930.5499877929688,936.7999877929688,932.7000122070312,1071472,929.8635690981769
2020-05-11 12:30:00,932.7000122070312,929.0,933.9000244140625,930.0,1066894,929.8653711949182
2020-05-11 12:45:00,930.0,929.5499877929688,934.0,933.0,957190,929.8687635972798
2020-05-11 13:00:00,933.0,930.0499877929688,935.4000244140625,933.4500122070312,882538,929.8729382501746
2020-05-11 13:15:00,933.5,932.0,934.9000244140625,934.4500122070312,463604,929.8757044263489
2020-05-11 13:30:00,934.5,932.0999755859375,935.9000244140625,933.2000122070312,661400,929.8795936032485
2020-05-11 13:45:00,933.5499877929688,930.0,933.5499877929688,931.5999755859375,808796,929.8818556420372
2020-05-11 14:00:00,931.5999755859375,926.1500244140625,933.5,926.9000244140625,985394,929.8803100015756
2020-05-11 14:15:00,926.5,925.5,928.9000244140625,927.7999877929688,822124,929.8772141036795
2020-05-11 14:30:00,927.7999877929688,920.4000244140625,927.7999877929688,920.75,1397752,929.8626153081143
2020-05-11 14:45:00,920.7000122070312,917.0999755859375,921.7000122070312,917.2000122070312,1475396,929.8376450399941
2020-05-11 15:00:00,917.3499755859375,914.0,917.5499877929688,916.2000122070312,1355116,929.8091865922604
2020-05-11 15:15:00,916.2000122070312,915.0,917.6500244140625,915.9000244140625,1471476,929.7790066531094
2020-05-12 09:15:00,897.0,887.7000122070312,899.0499877929688,891.7000122070312,2638693,929.6327792610809
2020-05-12 09:30:00,891.3499755859375,885.4000244140625,891.5499877929688,889.0,2163102,929.5002985500598
2020-05-12 09:45:00,889.1500244140625,879.4000244140625,889.1500244140625,881.4500122070312,3427980,929.2649971279325
2020-05-12 10:00:00,881.4500122070312,871.4000244140625,881.7000122070312,880.0,2807148,929.0506752515989
2020-05-12 10:15:00,880.4000244140625,876.0499877929688,883.4500122070312,882.4000244140625,2061546,928.9033366368258
2020-05-12 10:30:00,882.4000244140625,880.0,884.5,884.0,1668536,928.7901466081248
2020-05-12 10:45:00,883.9500122070312,883.0999755859375,888.75,885.4000244140625,2117440,928.6563678346471
2020-05-12 11:00:00,885.5,881.0,886.0,883.4000244140625,1381912,928.5648844878009
2020-05-12 11:15:00,883.5499877929688,880.0,883.6500244140625,880.5,935164,928.5003357695061
2020-05-12 11:30:00,880.5999755859375,878.2000122070312,882.5999755859375,880.0999755859375,1126912,928.421003023306
2020-05-12 11:45:00,880.0999755859375,878.5499877929688,881.8499755859375,881.8499755859375,1088534,928.3453338702625
2020-05-12 12:00:00,881.6500244140625,879.5,883.0,882.7999877929688,992450,928.278022245985
2020-05-12 12:15:00,882.9000244140625,880.5499877929688,883.25,881.4000244140625,923984,928.2154841050426
2020-05-12 12:30:00,881.5,876.0,882.0,876.5,1614358,928.0982684091894
2020-05-12 12:45:00,876.5999755859375,875.4000244140625,881.7999877929688,881.4000244140625,1643306,927.9827638551259
2020-05-12 13:00:00,881.5,881.25,890.4500122070312,885.3499755859375,3014036,927.7990463250262
2020-05-12 13:15:00,885.4000244140625,884.5499877929688,888.9000244140625,886.7000122070312,1171758,927.7297949600081
2020-05-12 13:30:00,886.7000122070312,880.0499877929688,886.9000244140625,882.0499877929688,1518404,927.6323023863722
2020-05-12 13:45:00,882.0499877929688,882.0499877929688,886.5,884.1500244140625,972442,927.5718066782916
2020-05-12 14:00:00,884.2000122070312,884.1500244140625,890.0999755859375,887.9000244140625,1497942,927.4856981082672
2020-05-12 14:15:00,887.9500122070312,887.7000122070312,899.9000244140625,896.2999877929688,2983694,927.3460865966807
2020-05-12 14:30:00,896.5499877929688,896.0,908.1500244140625,905.2000122070312,3787102,927.2160953976133
2020-05-12 14:45:00,905.2999877929688,902.0,909.0,908.4500122070312,1883580,927.160919681643
2020-05-12 15:00:00,908.4500122070312,895.2999877929688,908.7999877929688,896.25,2651068,927.0599992407606
2020-05-12 15:15:00,896.1500244140625,896.1500244140625,905.2999877929688,901.9500122070312,1980876,926.9879087943355
2020-05-13 09:15:00,950.9500122070312,942.5,956.75,945.1500244140625,5349202,927.1454995263964
2020-05-13 09:30:00,945.4500122070312,934.2000122070312,949.9000244140625,937.0499877929688,3281474,927.205745807499
2020-05-13 09:45:00,937.1500244140625,932.9500122070312,941.0999755859375,937.0999755859375,2378716,927.2381154993884
2020-05-13 10:00:00,937.0499877929688,937.0499877929688,944.0,939.4500122070312,1809102,927.2703664025383
2020-05-13 10:15:00,939.5,938.0,943.0,942.5499877929688,1210844,927.2935570186802
2020-05-13 10:30:00,942.5999755859375,939.0,944.0,941.9500122070312,1492146,927.3229857542407
2020-05-13 10:45:00,941.9500122070312,938.0,942.3499755859375,939.0,913630,927.3386053139319
2020-05-13 11:00:00,939.0,938.1500244140625,940.0499877929688,939.9500122070312,1208462,927.3585432114614
2020-05-13 11:15:00,939.9500122070312,939.0499877929688,943.5499877929688,940.4500122070312,1303622,927.3828886073568
2020-05-13 11:30:00,940.4000244140625,939.0,940.9000244140625,939.8499755859375,1026730,927.4004598807974
2020-05-13 11:45:00,939.8499755859375,937.0,941.0,937.8499755859375,964436,927.4152105785239
2020-05-13 12:00:00,938.25,933.7999877929688,939.5,936.8499755859375,1352000,927.4323273000523
2020-05-13 12:15:00,936.9500122070312,933.0,937.25,934.75,972816,927.4423344842902
2020-05-13 12:30:00,934.6500244140625,927.0499877929688,934.7999877929688,927.2000122070312,1555378,927.4470624945694
2020-05-13 12:45:00,927.0999755859375,925.7999877929688,929.9500122070312,927.3499755859375,1176788,927.447465588646
2020-05-13 13:00:00,927.3499755859375,922.25,927.3499755859375,924.5999755859375,1585596,927.4416498685006
2020-05-13 13:15:00,924.75,922.0999755859375,933.0,930.2999877929688,1390480,927.4435723076524
2020-05-13 13:30:00,930.25,926.4000244140625,931.0,928.9500122070312,808408,927.4450316280091
2020-05-13 13:45:00,929.0,928.7999877929688,936.7000122070312,934.6500244140625,1706954,927.4586578582299
2020-05-13 14:00:00,935.0,929.7999877929688,938.0,931.9000244140625,1984632,927.4740231854553
2020-05-13 14:15:00,931.9000244140625,928.0999755859375,934.0,933.0,1437144,927.4821500777872
2020-05-13 14:30:00,933.4000244140625,928.25,933.4000244140625,929.4000244140625,757852,927.4850554450335
2020-05-13 14:45:00,929.5,928.0999755859375,931.6500244140625,928.5,920324,927.4874289177761
2020-05-13 15:00:00,928.0,924.7999877929688,930.0,927.3499755859375,1546758,927.4872143653457
2020-05-13 15:15:00,927.3499755859375,925.0,929.0,929.0,1343684,927.4875350640397
2020-05-14 09:15:00,897.2000122070312,890.2999877929688,904.7000122070312,902.3499755859375,1528059,927.4299934337342
2020-05-14 09:30:00,902.2999877929688,902.25,908.7999877929688,908.4000244140625,1285767,927.3943067882259
2020-05-14 09:45:00,908.4000244140625,902.5,908.4500122070312,902.75,836830,927.3690227965666
2020-05-14 10:00:00,902.9000244140625,899.75,902.9000244140625,899.75,839405,927.3395370438595
2020-05-14 10:15:00,899.6500244140625,895.0,900.0,895.9000244140625,1185246,927.2920167165727
2020-05-14 10:30:00,896.0,893.0499877929688,896.8499755859375,896.3499755859375,790270,927.258799508459
2020-05-14 10:45:00,896.3499755859375,894.9000244140625,897.4000244140625,896.9000244140625,439051,927.2409438989363
2020-05-14 11:00:00,896.9000244140625,896.5499877929688,899.0,897.2999877929688,369044,927.2265427916846
2020-05-14 11:15:00,897.2999877929688,897.2000122070312,900.0,898.7000122070312,423969,927.2105831086029
2020-05-14 11:30:00,898.7000122070312,897.5,899.9500122070312,898.2999877929688,349727,927.1974085444951
2020-05-14 11:45:00,898.3499755859375,898.0,900.0,899.7999877929688,195523,927.190224051491
2020-05-14 12:00:00,899.7000122070312,899.6500244140625,903.5,901.0,631323,927.1688078550399
2020-05-14 12:15:00,900.9000244140625,899.0,902.75,902.2999877929688,350786,927.1569082243627
2020-05-14 12:30:00,902.4000244140625,902.25,904.5499877929688,904.3499755859375,320112,927.1470536783946
2020-05-14 12:45:00,904.4500122070312,904.2999877929688,906.6500244140625,904.5499877929688,509870,927.1323449058232
2020-05-14 13:00:00,904.5499877929688,904.5,910.2000122070312,907.5,851386,927.1103206246752
2020-05-14 13:15:00,907.5,900.0,907.5,901.7000122070312,841751,927.0838172194149
2020-05-14 13:30:00,901.7999877929688,900.0,903.5,901.3499755859375,535792,927.0659609903287
2020-05-14 13:45:00,901.3499755859375,900.2999877929688,902.0,901.0,371809,927.0533332355687
2020-05-14 14:00:00,900.9000244140625,897.0499877929688,901.0,898.0,981627,927.016954264663
2020-05-14 14:15:00,898.4000244140625,897.1500244140625,900.0,897.1500244140625,582125,926.994981588958
2020-05-14 14:30:00,897.4500122070312,895.0999755859375,902.2999877929688,900.5999755859375,782316,926.9667632323716
2020-05-14 14:45:00,900.9000244140625,897.4500122070312,902.0,898.0,646320,926.9433393223104
2020-05-14 15:00:00,897.9000244140625,891.0499877929688,899.0,893.4500122070312,1096963,926.8970370251538
2020-05-14 15:15:00,893.2000122070312,891.6500244140625,893.75,893.75,1139339,926.8469396185087
